,0
0,class_000.jpg
1,class_001.jpg
2,class_002.jpg
3,class_003.jpg
4,class_004.jpg
5,class_005.jpg
6,class_006.jpg
7,class_007.jpg
8,class_008.jpg
9,class_009.jpg
10,class_010.jpg
11,class_011.jpg
12,class_012.jpg
13,class_013.jpg
14,class_014.jpg
15,class_015.jpg
16,class_016.jpg
17,class_017.jpg
18,class_018.jpg
19,class_019.jpg
20,class_020.jpg
21,class_021.jpg
22,class_022.jpg
23,class_023.jpg
24,class_024.jpg
25,class_025.jpg
26,class_026.jpg
27,class_027.jpg
28,class_028.jpg
29,class_029.jpg
30,class_030.jpg
31,class_031.jpg
32,class_032.jpg
33,class_033.jpg
34,class_034.jpg
35,class_036.jpg
36,class_037.jpg
37,class_038.jpg
38,class_039.jpg
39,class_040.jpg
40,class_041.jpg
41,class_042.jpg
42,class_043.jpg
43,class_044.jpg
44,class_045.jpg
45,class_046.jpg
46,class_047.jpg
47,class_048.jpg
48,class_049.jpg
49,class_050.jpg
50,class_051.jpg
51,class_052.jpg
52,class_053.jpg
53,class_054.jpg
54,class_055.jpg
55,class_056.jpg
56,class_057.jpg
57,class_058.jpg
58,class_059.jpg
59,class_060.jpg
60,class_061.jpg
61,class_062.jpg
62,class_063.jpg
63,class_064.jpg
64,class_065.jpg
65,class_066.jpg
66,class_067.jpg
67,class_068.jpg
68,class_069.jpg
69,class_070.jpg
70,class_071.jpg
71,class_072.jpg
72,class_073.jpg
73,class_074.jpg
74,class_075.jpg
75,class_076.jpg
76,class_077.jpg
77,class_079.jpg
78,class_080.jpg
79,class_081.jpg
80,class_082.jpg
81,class_083.jpg
82,class_084.jpg
83,class_085.jpg
84,class_086.jpg
85,class_087.jpg
86,class_088.jpg
87,class_089.jpg
88,class_090.jpg
89,class_091.jpg
90,class_092.jpg
91,class_093.jpg
92,class_094.jpg
93,class_095.jpg
94,class_096.jpg
95,class_097.jpg
96,class_098.jpg
97,class_099.jpg
98,class_100.jpg
99,class_101.jpg
100,class_102.jpg
101,class_103.jpg
102,class_104.jpg
103,class_105.jpg
104,class_106.jpg
105,class_107.jpg
106,class_108.jpg
107,class_109.jpg
108,class_110.jpg
109,class_111.jpg
110,class_112.jpg
111,class_113.jpg
112,class_114.jpg
113,class_115.jpg
114,class_116.jpg
115,class_117.jpg
