,filename,oldname
0,class_000.jpg,1000억 막걸리 프리바이오.jpg
1,class_001.jpg,1000억 유산균막걸리.jpg
2,class_002.jpg,1932 새싹땅콩 햅쌀막걸리.jpg
3,class_003.jpg,1932 새싹땅콩 흑미막걸리.jpg
4,class_004.jpg,33JU.jpg
5,class_005.jpg,52C.jpg
6,class_006.jpg,The 찾을수록 시리즈.jpg
7,class_007.jpg,가덕 순쌀 막걸리.jpg
8,class_008.jpg,가을빛 레드와인.jpg
9,class_009.jpg,가평 잣 막걸리.jpg
10,class_010.jpg,감그린 레귤러.jpg
11,class_011.jpg,감그린 스페셜.jpg
12,class_012.jpg,감그린 아이스와인.jpg
13,class_013.jpg,감사.jpg
14,class_014.jpg,감악산 머루주.jpg
15,class_015.jpg,감자술 13%.jpg
16,class_016.jpg,강쇠.jpg
17,class_017.jpg,걍즐겨.jpg
18,class_018.jpg,경기전.jpg
19,class_019.jpg,계룡백일주 16도.jpg
20,class_020.jpg,고도리 레드와인 스위트.jpg
21,class_021.jpg,고도리 복숭아와인.jpg
22,class_022.jpg,고도리 화이트와인 드라이.jpg
23,class_023.jpg,고도리 화이트와인 스위트.jpg
24,class_024.jpg,고소리 술 375ml.jpg
25,class_025.jpg,고소리 술 700ml.jpg
26,class_026.jpg,고창선운산 땡큐복분자주.jpg
27,class_027.jpg,고창선운산 땡큐블루베리주.jpg
28,class_028.jpg,고창선운산 복분자주 특1호.jpg
29,class_029.jpg,공주애 오디와인.jpg
30,class_030.jpg,구기홍주 14.jpg
31,class_031.jpg,구름을 벗삼아.jpg
32,class_032.jpg,그랑꼬또 M56.jpg
33,class_033.jpg,그랑꼬또 M5610.jpg
34,class_034.jpg,그랑꼬또 레드와인.jpg
35,class_035.jpg,그랑꼬또 로제와인.jpg
36,class_036.jpg,그랑꼬또 청수.jpg
37,class_037.jpg,그랑꼬또 화이트와인.jpg
38,class_038.jpg,그랑티그르 S1974.jpg
39,class_039.jpg,그랑티그르CE2002.jpg
40,class_040.jpg,그랑티그르M1988.jpg
41,class_041.jpg,금산인삼주.jpg
42,class_042.jpg,금정산성 막걸리.jpg
43,class_043.jpg,기다림 16.jpg
44,class_044.jpg,기다림 25.jpg
45,class_045.jpg,기다림 34.jpg
46,class_046.jpg,기다림 맑은술.jpg
47,class_047.jpg,김천 과하주 16도.jpg
48,class_048.jpg,김포별주.jpg
49,class_049.jpg,김포약주 PET.jpg
50,class_050.jpg,김포약주 유리병.jpg
51,class_051.jpg,김포예주 프리미엄.jpg
52,class_052.jpg,김포특주.jpg
53,class_053.jpg,까메오 막걸리.jpg
54,class_054.jpg,나루 생막걸리 11.5%.jpg
55,class_055.jpg,나루 생막걸리 6%.jpg
56,class_056.jpg,남산애 레드와인.jpg
57,class_057.jpg,남산애 포트와인.jpg
58,class_058.jpg,내장산 복분자주 지통1호.jpg
59,class_059.jpg,녹파주.jpg
60,class_060.jpg,뉴트로.jpg
61,class_061.jpg,느린마을 막걸리.jpg
62,class_062.jpg,능이주.jpg
63,class_063.jpg,니모메.jpg
64,class_064.jpg,다래와인 3004.jpg
65,class_065.jpg,다래와인 7004D.jpg
66,class_066.jpg,다래와인 7004S.jpg
67,class_067.jpg,다랭이팜 생 막걸리 (백미).jpg
68,class_068.jpg,다랭이팜 생 막걸리 (흑미).jpg
69,class_069.jpg,다랭이팜 유자 막걸리.jpg
70,class_070.jpg,담솔.jpg
71,class_071.jpg,담은.jpg
72,class_072.jpg,당당하리.jpg
73,class_073.jpg,대관령 복분자주.jpg
74,class_074.jpg,대대포 생막걸리.jpg
75,class_075.jpg,대윤 가야곡 왕주.jpg
76,class_076.jpg,대잎 생동동주.jpg
77,class_077.jpg,대작 생막걸리.jpg
78,class_078.jpg,대통대잎술.jpg
79,class_079.jpg,도구 막걸리.jpg
80,class_080.jpg,도깨비술 11%.jpg
81,class_081.jpg,도깨비술 7%.jpg
82,class_082.jpg,도깨비술 9%.jpg
83,class_083.jpg,도로시 머루주.jpg
84,class_084.jpg,도문대작 생막걸리.jpg
85,class_085.jpg,동몽.jpg
86,class_086.jpg,동정춘.jpg
87,class_087.jpg,동학 1957.jpg
88,class_088.jpg,동해 동동주.jpg
89,class_089.jpg,두레앙 와인.jpg
90,class_090.jpg,두유노.jpg
91,class_091.jpg,라이스퐁당 13.jpg
92,class_092.jpg,라이스퐁당 17.jpg
93,class_093.jpg,레돔 내추럴 스파클링 로제와인.jpg
94,class_094.jpg,레돔 시드르.jpg
95,class_095.jpg,마셔블랑.jpg
96,class_096.jpg,마주 소곡주.jpg
97,class_097.jpg,만강에 비친 달.jpg
98,class_098.jpg,맑은 문희주.jpg
99,class_099.jpg,맑은내일 Winery 단감명작.jpg
100,class_100.jpg,맑은내일 발효막걸리.jpg
101,class_101.jpg,맑은내일 우포.jpg
102,class_102.jpg,맑은술 해밀.jpg
103,class_103.jpg,매실 막걸리.jpg
104,class_104.jpg,매실향기 담은 술.jpg
105,class_105.jpg,머루 이야기.jpg
106,class_106.jpg,머르드 서 드라이.jpg
107,class_107.jpg,머르드 서 스위트.jpg
108,class_108.jpg,메로니아.jpg
109,class_109.jpg,면천두견주 360.jpg
110,class_110.jpg,면천두견주 700.jpg
111,class_111.jpg,면천두견주 900.jpg
112,class_112.jpg,명인 홍삼주.jpg
113,class_113.jpg,명작 복분자.jpg
114,class_114.jpg,모월 연.jpg
115,class_115.jpg,모월 청.jpg
116,class_116.jpg,모을동주 약주.jpg
117,class_117.jpg,무주 구천동 머루와인.jpg
118,class_118.jpg,무주 구천동 산머루주.jpg
119,class_119.jpg,문희 (오미자).jpg
120,class_120.jpg,문희 (햇찹쌀수제전통주) 500ml .jpg
121,class_121.jpg,문희 (햇찹쌀수제전통주) 700ml .jpg
122,class_122.jpg,미르25.jpg
123,class_123.jpg,미르40.jpg
124,class_124.jpg,미생 막걸리.jpg
125,class_125.jpg,미소 생막걸리.jpg
126,class_126.jpg,미소 아이스.jpg
127,class_127.jpg,미인약주.jpg
128,class_128.jpg,미인탁주.jpg
129,class_129.jpg,바나나 주.jpg
130,class_130.jpg,바랑 탁.jpg
131,class_131.jpg,밤꽃향기.jpg
132,class_132.jpg,방문주 약주.jpg
133,class_133.jpg,방문주 탁주.jpg
134,class_134.jpg,배꽃담은 연 생막걸리.jpg
135,class_135.jpg,배도가 로아 19 레드.jpg
136,class_136.jpg,백년향.jpg
137,class_137.jpg,백련 맑은술.jpg
138,class_138.jpg,백련 생막걸리 snow (스노우).jpg
139,class_139.jpg,백운 복분자 와인.jpg
140,class_140.jpg,백운 복분자주.jpg
141,class_141.jpg,백이주.jpg
142,class_142.jpg,백자주.jpg
143,class_143.jpg,뱅꼬레 레드와인.jpg
144,class_144.jpg,뱅꼬레 로제와인.jpg
145,class_145.jpg,뱅꼬레 아이스와인.jpg
146,class_146.jpg,뱅꼬레 화이트와인.jpg
147,class_147.jpg,베베마루 캠벨로제 스위트.jpg
148,class_148.jpg,베베마루 캠벨로제.jpg
149,class_149.jpg,별바랑.jpg
150,class_150.jpg,병영설성 동동주.jpg
151,class_151.jpg,병영설성 생막걸리.jpg
152,class_152.jpg,병영소주.jpg
153,class_153.jpg,복분자음.jpg
154,class_154.jpg,복분자주 360.jpg
155,class_155.jpg,복분자주.jpg
156,class_156.jpg,복순도가 손 막걸리.jpg
157,class_157.jpg,복숭아와인.jpg
158,class_158.jpg,볼빨간막걸리 10.jpg
159,class_159.jpg,볼빨간막걸리 7.jpg
160,class_160.jpg,봉하쌀 생막걸리.jpg
161,class_161.jpg,부안 참뽕 막걸리.jpg
162,class_162.jpg,부안 참뽕 와인.jpg
163,class_163.jpg,부자 10.jpg
164,class_164.jpg,붉은 원숭이.jpg
165,class_165.jpg,블루베리 이야기.jpg
166,class_166.jpg,사과와인.jpg
167,class_167.jpg,산내울 복분자주.jpg
168,class_168.jpg,산내울 사과애주.jpg
169,class_169.jpg,산내울 오미자주.jpg
170,class_170.jpg,산막 생유 막걸리.jpg
171,class_171.jpg,산막대덕주.jpg
172,class_172.jpg,산정호수 동정춘막걸리.jpg
173,class_173.jpg,삼선.jpg
174,class_174.jpg,삼양춘 생약주.jpg
175,class_175.jpg,삼양춘 생탁주.jpg
176,class_176.jpg,삼양춘 청주.jpg
177,class_177.jpg,생 청주 막걸리.jpg
178,class_178.jpg,샤토미소 랑.jpg
179,class_179.jpg,샤토미소 레드 프리미엄 드라이.jpg
180,class_180.jpg,샤토미소 로제 스위트.jpg
181,class_181.jpg,샤토미소 스위트.jpg
182,class_182.jpg,샹스프랑보아즈.jpg
183,class_183.jpg,서주 16%.jpg
184,class_184.jpg,석로주.jpg
185,class_185.jpg,석탄주 약주.jpg
186,class_186.jpg,석탄주 탁주.jpg
187,class_187.jpg,선운산 복분자와인.jpg
188,class_188.jpg,선운산 복분자주 프리미엄.jpg
189,class_189.jpg,선운산 복분자주.jpg
190,class_190.jpg,선운산의 아침 복분자막걸리.jpg
191,class_191.jpg,선호 생막걸리.jpg
192,class_192.jpg,설련주.jpg
193,class_193.jpg,설성 만월 막걸리.jpg
194,class_194.jpg,설하담.jpg
195,class_195.jpg,성포 생막걸리.jpg
196,class_196.jpg,세종 알밤주.jpg
197,class_197.jpg,세종 오가닉.jpg
198,class_198.jpg,세종대왕어주 약주.jpg
199,class_199.jpg,세종대왕어주 탁주.jpg
200,class_200.jpg,소백산 검은콩 막걸리.jpg
201,class_201.jpg,소백산 생 막걸리.jpg
202,class_202.jpg,소백산 생 만찬주.jpg
203,class_203.jpg,소백산 청 동동주.jpg
204,class_204.jpg,소양강 생 막걸리.jpg
205,class_205.jpg,솔송주 (골드).jpg
206,class_206.jpg,송명섭 막걸리.jpg
207,class_207.jpg,송이주.jpg
208,class_208.jpg,순향주.jpg
209,class_209.jpg,술공방 9.0 생막걸리.jpg
210,class_210.jpg,술그리다 생탁주.jpg
211,class_211.jpg,술아 국화주.jpg
212,class_212.jpg,술아 막걸리.jpg
213,class_213.jpg,술아 매화주.jpg
214,class_214.jpg,술아 순곡주.jpg
215,class_215.jpg,술아 연화주.jpg
216,class_216.jpg,술예쁘다 생탁주.jpg
217,class_217.jpg,술취한 원숭이.jpg
218,class_218.jpg,술헤는밤.jpg
219,class_219.jpg,스타베리 오디와인.jpg
220,class_220.jpg,시나브로 드 글로리아.jpg
221,class_221.jpg,시나브로 레드 드라이.jpg
222,class_222.jpg,시나브로 레드 스위트.jpg
223,class_223.jpg,시나브로 로제와인.jpg
224,class_224.jpg,시나브로 에뚜왈 로제 스파클링.jpg
225,class_225.jpg,시나브로 에뚜왈 스파클링와인.jpg
226,class_226.jpg,시나브로 화이트와인.jpg
227,class_227.jpg,시인의 마을 우리쌀 막걸리.jpg
228,class_228.jpg,신선주 약주.jpg
229,class_229.jpg,신선주 증류주.jpg
230,class_230.jpg,신선주.jpg
231,class_231.jpg,아이싱 자몽.jpg
232,class_232.jpg,아이원 막걸리.jpg
233,class_233.jpg,안성마춤 생막걸리.jpg
234,class_234.jpg,안양 동동주.jpg
235,class_235.jpg,애석.jpg
236,class_236.jpg,애피소드 상그리아.jpg
237,class_237.jpg,애피소드 애플.jpg
238,class_238.jpg,애피소드 호프.jpg
239,class_239.jpg,야관문 쌀 막걸리.jpg
240,class_240.jpg,양촌 생 동동주.jpg
241,class_241.jpg,양촌 생 막걸리.jpg
242,class_242.jpg,여포의 꿈 (화이트).jpg
243,class_243.jpg,여포의 꿈 레드 (Dry).jpg
244,class_244.jpg,여포의 꿈 레드(SWEET).jpg
245,class_245.jpg,연천 아주.jpg
246,class_246.jpg,연천 연주.jpg
247,class_247.jpg,영일만친구 막걸리.jpg
248,class_248.jpg,예담은 한산소곡주.jpg
249,class_249.jpg,예밀와인 레드 드라이.jpg
250,class_250.jpg,예밀와인 레드 스위트.jpg
251,class_251.jpg,예밀와인 로제.jpg
252,class_252.jpg,예주.jpg
253,class_253.jpg,예화.jpg
254,class_254.jpg,옛날 막걸리 古.jpg
255,class_255.jpg,오가피와인.jpg
256,class_256.jpg,오곡 진상주.jpg
257,class_257.jpg,오디랑.jpg
258,class_258.jpg,오매백주.jpg
259,class_259.jpg,오메기 맑은술.jpg
260,class_260.jpg,오메기 술.jpg
261,class_261.jpg,오목대.jpg
262,class_262.jpg,오미로제 프리미어와인.jpg
263,class_263.jpg,오미시앙 스페셜.jpg
264,class_264.jpg,오미자 생막걸리.jpg
265,class_265.jpg,오산막걸리.jpg
266,class_266.jpg,오희 스파클링 막걸리.jpg
267,class_267.jpg,왕피천을 품은 미소생막걸리.jpg
268,class_268.jpg,우곡생주.jpg
269,class_269.jpg,우도 땅콩 전통주.jpg
270,class_270.jpg,운암1945.jpg
271,class_271.jpg,원조 한산소곡주.jpg
272,class_272.jpg,월매 쌀막걸리.jpg
273,class_273.jpg,유기농 이도 42.jpg
274,class_274.jpg,유기농 이도14.jpg
275,class_275.jpg,유자 동동주.jpg
276,class_276.jpg,유자 생 막걸리.jpg
277,class_277.jpg,율무 동동주.jpg
278,class_278.jpg,은자골 곶감 생 탁배기.jpg
279,class_279.jpg,은자골 생 탁배기.jpg
280,class_280.jpg,이강주 2호.jpg
281,class_281.jpg,이강주 375ml.jpg
282,class_282.jpg,이강주 특7호.jpg
283,class_283.jpg,이동 생 쌀 막걸리.jpg
284,class_284.jpg,이동 쌀 막걸리.jpg
285,class_285.jpg,이상헌 약주.jpg
286,class_286.jpg,이상헌 탁주.jpg
287,class_287.jpg,이화백주.jpg
288,class_288.jpg,이화주.jpg
289,class_289.jpg,인천 생 소성주.jpg
290,class_290.jpg,입장탁주.jpg
291,class_291.jpg,자두와인 레드.jpg
292,class_292.jpg,자두와인 화이트.jpg
293,class_293.jpg,자연담은 복분자막걸리.jpg
294,class_294.jpg,자희향 국화주.jpg
295,class_295.jpg,자희향 나비.jpg
296,class_296.jpg,자희향.jpg
297,class_297.jpg,장수 생 막걸리.jpg
298,class_298.jpg,장수 오미자주.jpg
299,class_299.jpg,장홍삼 장수 막걸리.jpg
300,class_300.jpg,정고집 나주배 약주 15%.jpg
301,class_301.jpg,정고집 나주배 약주 9%.jpg
302,class_302.jpg,정고집 나주쌀 생막걸리.jpg
303,class_303.jpg,정고집 옛날 생동동주.jpg
304,class_304.jpg,젤코바 스페셜와인.jpg
305,class_305.jpg,젤코바 캠벨와인.jpg
306,class_306.jpg,젤코바 프리미엄와인.jpg
307,class_307.jpg,조선주조사.jpg
308,class_308.jpg,주몽 복분자주.jpg
309,class_309.jpg,주산지 막걸리.jpg
310,class_310.jpg,줄포 생 막걸리.jpg
311,class_311.jpg,지란지교 약주.jpg
312,class_312.jpg,지리산 정담 생쌀 막걸리.jpg
313,class_313.jpg,지리산 허브잎 술.jpg
314,class_314.jpg,지장수 호박 생 막걸리.jpg
315,class_315.jpg,지평 생 쌀막걸리 (1.7L).jpg
316,class_316.jpg,지평 생 쌀막걸리 (700ml).jpg
317,class_317.jpg,지평 생 옛막걸리.jpg
318,class_318.jpg,진심 홍삼주 19도.jpg
319,class_319.jpg,찰막걸리.jpg
320,class_320.jpg,창원 생탁주.jpg
321,class_321.jpg,천년담주.jpg
322,class_322.jpg,천년전주 생 막걸리.jpg
323,class_323.jpg,천등산 차례주.jpg
324,class_324.jpg,천마 이야기 막걸리.jpg
325,class_325.jpg,천비향 오양주 약주.jpg
326,class_326.jpg,천비향 오양주 탁주.jpg
327,class_327.jpg,천안 연미주.jpg
328,class_328.jpg,천지주가 생 막걸리.jpg
329,class_329.jpg,청남대 블루베리 막걸리.jpg
330,class_330.jpg,청명주 500.jpg
331,class_331.jpg,청명주 750.jpg
332,class_332.jpg,청산녹수 꿀막걸리.jpg
333,class_333.jpg,청산녹수 사미인주.jpg
334,class_334.jpg,청산녹수 생탁주.jpg
335,class_335.jpg,청세주.jpg
336,class_336.jpg,청송 얼음골 동동주.jpg
337,class_337.jpg,청송 주왕 사과막걸리.jpg
338,class_338.jpg,청양 둔송 구기주.jpg
339,class_339.jpg,청진주.jpg
340,class_340.jpg,청춘.jpg
341,class_341.jpg,초선의 꿈 (로제).jpg
342,class_342.jpg,추사 로제.jpg
343,class_343.jpg,추사 애플와인.jpg
344,class_344.jpg,추사블루.jpg
345,class_345.jpg,추성주.jpg
346,class_346.jpg,추시와인.jpg
347,class_347.jpg,컨츄리 산머루 와인 (드라이).jpg
348,class_348.jpg,컨츄리 산머루 와인 (스위트).jpg
349,class_349.jpg,컨츄리캠벨 (스위트).jpg
350,class_350.jpg,"코이버펑크, 머스캣 베일리 에이.jpg"
351,class_351.jpg,"코이버펑크, 샤르도네 세미용 블렌드 .jpg"
352,class_352.jpg,"코이버펑크, 카베르네 소비뇽.jpg"
353,class_353.jpg,쿨샷7.5.jpg
354,class_354.jpg,크라테 레드와인 드라이.jpg
355,class_355.jpg,크라테 레드와인 스위트.jpg
356,class_356.jpg,크라테 로제와인.jpg
357,class_357.jpg,타미앙스.jpg
358,class_358.jpg,톡 쏘는 복분자 막걸리.jpg
359,class_359.jpg,톡 쏘는 알밤동동.jpg
360,class_360.jpg,펀치 쌀 바나나.jpg
361,class_361.jpg,편백숲 산소막걸리 딸기스파클링.jpg
362,class_362.jpg,편백숲 산소막걸리 순수령.jpg
363,class_363.jpg,편백숲 산소막걸리.jpg
364,class_364.jpg,평창 머루주.jpg
365,class_365.jpg,평창 오디주.jpg
366,class_366.jpg,포엠 레드 드라이와인.jpg
367,class_367.jpg,포엠 레드 스위트와인.jpg
368,class_368.jpg,포엠 로제와인.jpg
369,class_369.jpg,포엠 화이트와인.jpg
370,class_370.jpg,풍남문.jpg
371,class_371.jpg,풍정사계 추(秋).jpg
372,class_372.jpg,풍정사계 춘(春).jpg
373,class_373.jpg,풍정사계 하(夏).jpg
374,class_374.jpg,하향주.jpg
375,class_375.jpg,한산소곡주 360ml.jpg
376,class_376.jpg,한산소곡주 700ml.jpg
377,class_377.jpg,한산소곡주(살균주).jpg
378,class_378.jpg,한산소곡주(생주).jpg
379,class_379.jpg,한스오차드 사과와인.jpg
380,class_380.jpg,해미읍성 딸기와인.jpg
381,class_381.jpg,해미읍성 매실와인.jpg
382,class_382.jpg,해미읍성 모과와인.jpg
383,class_383.jpg,해미읍성 살구와인.jpg
384,class_384.jpg,해창 생 막걸리 12도.jpg
385,class_385.jpg,해창 생막걸리 6도.jpg
386,class_386.jpg,해창 생막걸리 9도.jpg
387,class_387.jpg,해파랑.jpg
388,class_388.jpg,햇찹쌀이 하늘수.jpg
389,class_389.jpg,행운 막걸리.jpg
390,class_390.jpg,행운주.jpg
391,class_391.jpg,향수 우리밀 막걸리.jpg
392,class_392.jpg,허니문와인.jpg
393,class_393.jpg,허니비 와인.jpg
394,class_394.jpg,호담 산양산삼 막걸리.jpg
395,class_395.jpg,호담 산양산삼주.jpg
396,class_396.jpg,호땅.jpg
397,class_397.jpg,호랑이 생 막걸리.jpg
398,class_398.jpg,호모루덴스.jpg
399,class_399.jpg,혼디주.jpg
400,class_400.jpg,홍삼 인삼주.jpg
401,class_401.jpg,홍삼 진심 인삼주 1set.jpg
402,class_402.jpg,홍삼 진심 인삼주 2set.jpg
403,class_403.jpg,홍삼명주 375ml.jpg
404,class_404.jpg,홍삼명주 500ml.jpg
405,class_405.jpg,홍천강 탁주.jpg
406,class_406.jpg,황진이.jpg
407,class_407.jpg,회곡 생 동동주.jpg
408,class_408.jpg,회곡 생 막걸리.jpg
409,class_409.jpg,희양산막걸리 15%.jpg
410,class_410.jpg,희양산막걸리 9%.jpg
