,상품명
0,레돔 내추럴 스파클링 로제와인
1,서울의 밤
2,제주 고소리술
3,오메기 술
4,티나
5,붉은 원숭이
6,인천 생 소성주
7,송명섭 막걸리
8,이강주 375ml
9,1000억 유산균막걸리
10,청송 주왕 사과막걸리
11,고소리 술
12,니모메
13,김포예주 프리미엄
14,죽력고
15,매실원주 15도
16,오매락퍽
17,조선주조사
18,고운달 오크
19,느린마을 막걸리
20,담은
21,녹고의눈물
22,황진이
23,문경바람 오크
24,오메기 맑은술
25,톡 쏘는 알밤동동
26,이화주
27,고소리 술
28,대통대잎술 십오야
29,안동소주 일품 21도
30,맑은내일 Winery 단감명작
31,월매 쌀막걸리
32,한산소곡주
33,원매 프리미엄
34,1000억 막걸리 프리바이오
35,은자골 생 탁배기
36,담솔 40%
37,강쇠
38,풍정사계 춘
39,타미앙스
40,이화백주
42,복순도가 손 막걸리
43,천매
44,뱅꼬레로제
45,맑은내일 발효막걸리
46,장수 생 막걸리
47,명작복분자
48,녹파주
49,안동소주 일품 40도 골드
50,복분자음
51,추사백25
52,밤꽃향기
53,고운달 백자
54,옛날 막걸리 古
55,선운산 복분자주
56,원매
57,한산소곡주
58,명품 진도홍주
59,청명주 500
60,The 찾을수록 시리즈
61,이강주 특7호
62,황금보리소주17
63,천비향 오양주 약주
64,병영소주
65,도깨비술 7%
66,그랑꼬또 로제와인
67,송이주
68,구름을 벗삼아
69,대대포 생막걸리
70,장홍삼 장수 막걸리
71,동학 1957
72,지란지교 탁주
73,금정산성 막걸리
74,문경바람 백자 40%
75,세우리
76,내장산 복분자주 지통1호
77,문경바람 백자 25%
78,황금보리소주25
79,부자 10
80,산막 생유 막걸리
81,화주
82,회곡 생 막걸리
83,크라테 레드와인 드라이
84,삼양춘 청주
85,지평 생 옛막걸리
86,양촌 생 막걸리
87,삼양춘 생탁주
88,동정춘
89,해미읍성 딸기와인
90,도깨비술 11%
91,해창 생 막걸리 12도
92,줄포 생 막걸리
93,려(驪)증류소주 25도
94,매실 막걸리
95,선호 생막걸리
96,오미자 생막걸리
97,희양산막걸리 9%
98,동몽
99,무주 구천동 머루와인
100,설궁
101,김포약주 PET
102,뱅꼬레레드
103,예천주복 만월24
104,겨울소주 25
105,창원 생탁주
106,자희향
107,진도홍주 루비콘
108,소백산 생 막걸리
109,안동소주 일품 17도
110,문배술헤리티지25
111,안동소주 양반탈
112,백운 복분자 와인
113,삼양춘 생약주
114,송화백일주
115,나루 생막걸리 11.5%
116,장수 오미자주
117,해창 생 막걸리 6도
118,풍정사계 추
119,부안 참뽕 막걸리
120,문희 '햇찹쌀 수제 전통주'
121,김포특주
122,능이주
123,두레앙 22
124,세종대왕어주 탁주
125,세종대왕어주 약주
126,안양 동동주
127,52C
128,술취한 원숭이
129,지평 생 쌀막걸리
130,추사40
131,그랑꼬또 청수
132,풍정사계 동
133,추사 애플와인
134,지장수 생막걸리
135,천지주가 생 막걸리
136,김포 막걸리
137,이상헌 탁주
138,하향주
139,진맥소주 40%
140,소나무와 학
141,감홍로 백자
142,문배술 헤리티지 23도
143,풍정사계 하
144,문배술 헤리티지 40도
145,백련 생막걸리 Misty
146,두레앙 브랜디
147,DMZ 240km
148,강소주
149,아황주
150,청명주 750
151,여포의 꿈 (레드 드라이)
152,죽향 생막걸리
153,희양산막걸리 15%
154,맑은내일 우포
155,안동소주 22도
156,양촌 우렁이쌀 손 막걸리
157,오디랑
158,민속주 안동소주
159,지장수 호박 막걸리
160,머루 이야기
161,영일만친구 막걸리
162,원조소곡화주
163,지란지교 무화과 탁주
164,신선주
165,한주
166,민속주안동소주
167,미인약주
168,모월 인
169,편백숲 산소막걸리 딸기스파클링
170,설련주
171,백년향
172,운암1945
173,추성주
174,한산소곡주
175,까메오 막걸리
176,천년전주 생 막걸리
177,불소곡주
178,려(驪)고구마증류소주 40도
179,우도 땅콩 전통주
180,펀치 쌀 바나나
181,두레앙 와인
182,산막대덕주
183,고구마 아락
184,배도가 로아 40도 옐로우
185,면천두견주 700ml
186,바나나 주
187,지리산정담생쌀 막걸리
188,천비향 화주
189,석로주
190,황금보리소주40
191,술아 국화주
192,복숭아와인
193,고창복분자주300
194,술공방 9.0 생막걸리
195,정고집 나주쌀 생막걸리
196,석탄주 약주
197,그랑꼬또 레드와인
198,행운 막걸리
199,볼빨간막걸리 10
200,시나브로 화이트와인
201,진맥소주 53%
202,이도 32
203,여포의 꿈(화이트)
204,로얄 안동소주 18년
205,백련 맑은술
206,만강에 비친 달
207,김천 과하주 23도
208,감사
209,동강더덕주
210,호모루덴스
211,천비향 오양주 탁주
212,술예쁘다 생탁주
213,해파랑
214,사과와인
215,예천주복 만월40
216,순향주
217,애석
218,진맥소주 22%
219,도깨비술 9%
220,느낌 30
221,심플리 애플
222,유기농 이도 42
223,메로니아
224,지장수 호박 생 막걸리
225,맑은 문희주
226,미르40
227,부안 참뽕 와인
228,천안 연미주
229,그랑티 그르 S1974
230,감아락 25도
231,컨츄리캠벨 (스위트)
232,소백산 청 동동주
233,수삼단본 43도
234,고창복분자주1800
235,향수 우리밀 막걸리
236,계룡산 산삼주 금수강산 21%
237,김포약주 유리병
238,황칠주
239,젤코바 캠벨와인
240,성포 생막걸리
241,오매백주
242,지란지교 약주
243,G12 골디락스
244,이강주 2호
245,가평 잣 막걸리
246,자연송이주
247,이동 쌀 막걸리
248,복분자 아락
249,1932 새싹땅콩 햅쌀막걸리
250,1932 새싹땅콩 흑미막걸리
251,자희향 국화주
252,설성 만월 막걸리(유기농쌀 100%)
253,유자 생 막걸리
254,청춘
255,명술
256,백운 복분자주
257,예담은 한산소곡화주
258,청산녹수 꿀막걸리
259,다랭이팜 유자 막걸리
260,고도리 복숭아와인
261,면천두견주 900ml
262,오미로제 프리미어와인
263,명인 홍삼주
264,청진주
265,진쾌남
266,감그린 스페셜
267,공주애 오디와인
268,스타베리오디
269,레돔 시드르
270,어우야
271,산정호수 동정춘막걸리
272,선운산 복분자와인
273,감 보드카
274,남산애 레드와인
275,홍로
276,이상헌 약주
277,대작 생막걸리
278,동해 동동주
279,크라테 로제와인
280,샤토미소 레드 프리미엄 드라이
281,오목대
282,모월 로
283,산내울 사과애주
284,배도가 로아 19 레드
285,호랑이 생 막걸리
286,야관문 쌀 막걸리
287,자연담은 복분자막걸리
288,아이싱 자몽(iCing Grapefruit)
289,지평 생 쌀막걸리
290,그랑꼬또 M56
291,평창머루주
292,청양 둔송 구기주
293,해창 생 막걸리 9도
294,우곡생주
295,명가원 복분자술
296,원조 한산소곡주
297,오희 스파클링 막걸리
298,평창 오디주
299,복분자주 360
300,홍삼진심 인삼주 (2set)
301,뱅꼬레화이트
302,쿨샷7.5
303,정고집 옛날 생동동주
304,예밀와인 로제
305,시나브로 에뚜왈 스파클링와인
306,봉하쌀 생막걸리
307,뉴트로
308,메밀로
309,병영설성 생막걸리
310,모월 연
311,청남대 블루베리 막걸리
312,기다림 맑은술
313,마주 소곡주
314,걍즐겨
315,유자 동동주
316,별바랑
317,율무 동동주
318,33JU
319,샤토미소 스위트 로제
320,이동 생 쌀 막걸리
321,려(驪)고구마증류소주 25도
322,찰막걸리 750ml
323,문희 '햇찹쌀 수제 전통주'
324,홍천강 탁주
325,소백산 검은콩 막걸리
326,세종 알밤주
327,다랭이팜 생 막걸리 (흑미)
328,천마 이야기
329,다래와인 7004S
330,베베마루 캠벨로제
331,김천과하주 16도
332,선운산의 아침 복분자막걸리
333,두레앙 증류주
334,자두와인 레드
335,금산인삼주
336,면천두견주 360ml
337,수삼단본 23도
338,한스오차드 사과와인
339,백련 생막걸리 snow
340,무주 구천동 산머루주
341,도문대작 생막걸리
342,애피소드 애플
343,김포별주
344,계룡산 산삼주 금수강산 40%
345,혼디주
346,백자주
347,미소 생막걸리
348,청산녹수 생탁주
349,감그린 레귤러
350,마셔블랑
351,안성마춤 생막걸리
352,르깔롱
353,해방주 18.8%
354,감악산 머루주
355,천년주
356,오산막걸리
357,모을동주 소주
358,모을동주 약주
359,시나브로 레드 스위트
360,가덕 순쌀 막걸리
361,샤토미소 영동
362,포엠 로제와인
363,매실향기 담은 술
364,포엠 화이트와인
365,하향주 증류주
366,시나브로 로제와인
367,샹스프랑보아즈
368,라이스퐁당 17
369,한산소곡주(살균주)
370,솔송주
371,홍삼명주 500ml
372,초선의 꿈 (로제)
373,감홍로 청자
374,지리산 허브잎 술
375,호담 산양산삼주
376,자희향 나비
377,안동소주 호리병
378,톡 한잔 소주
379,톡 한잔 골드
380,미르25
381,소곡화주
382,다래와인 3004
383,호담
384,대윤 가야곡 왕주
385,주몽 복분자주
386,대관령 복분자주
387,진심 홍삼주 19도
388,설레온
389,계룡백일주 40도
390,소양강 생 막걸리
391,블루베리 이야기
392,왕율주
393,호담 산양산삼 막걸리
394,술아 막걸리
395,홍삼진심 인삼주 (1set)
396,술아 순곡주
397,청산녹수 사미인주
398,고도리 레드와인 스위트
399,양촌 생 동동주
400,신례명주
401,감그린 아이스와인
402,술아 연화주
403,고창선운산 땡큐블루베리주
404,술그리다 생탁주
405,아이원 막걸리
406,한비 동충하초술
407,한비 무병장수술
408,귀감
409,도구 막걸리
410,병영설성사또
411,술헤는밤
412,남산애 포트와인
413,삼선
414,정고집 나주배 약주 15%
415,가을빛 레드와인
416,오가피와인
417,여강
418,샤토미소 랑
419,햇찹쌀이 하늘수
420,병영설성 동동주
421,시나브로 에뚜왈 로제 스파클링
422,두리향
423,선운산 복분자주 프리미엄
424,연천 우주
425,맑은술 해밀
426,포엠 레드 드라이와인
427,담양죽력고
428,감자술 13%
429,유기농 이도14
430,풍남문
431,독산 53
432,젤코바 스페셜와인
433,천등산 차례주
434,느낌 19.8
435,라이스퐁당 13
436,연천 연주
437,신선주 약주
438,당당하리
439,계룡백일주 16도
440,컨츄리 산머루 와인 (드라이)
441,홍삼 인삼주
442,톡 쏘는 복분자 막걸리
443,허니비 와인
444,샤토미소 스위트
445,미소 아이스
446,컨츄리 산머루 와인 (스위트)
447,소곡화주
448,입장탁주
449,계룡백일주 30도
450,홍삼명주 375ml
451,청세주
452,다랭이팜 생 막걸리 (백미)
453,여포의 꿈(레드스위트)
454,세종 오가닉
455,자두와인 화이트
456,문희 '문경오미자 수제 전통주'
457,예담은 한산소곡주
458,민속주 안동소주
459,베베마루 캠벨로제 스위트
460,은자골 곶감 생 탁배기
461,추사블루
462,다래와인 7004D
463,미인탁주
464,고도리 화이트와인 드라이
465,계룡백일주 12년
466,고도리 화이트와인 스위트
467,뱅꼬레아이스
468,소백산 생 만찬주
469,예화
470,예주
471,오곡 진상주
472,미생 막걸리
473,술아 매화주
474,왕피천을 품은 미소생막걸리
475,한비 쌀소주
476,천마몽
477,생 청주 막걸리
478,회곡 생 동동주
479,한비 오가피술
480,오미시앙 스페셜
481,세종 쌀 막걸리
482,추사 로제
483,애피소드 상그리아
484,애피소드 호프
485,시인의 마을 우리쌀 막걸리
486,예밀와인 레드 드라이
487,설하담
488,흑돈주
489,편백숲 산소막걸리
490,허니문와인
491,크라테 레드와인 스위트
492,예밀와인 레드 스위트
493,시나브로 레드 드라이
494,해방주 38%
495,정고집 나주배 약주 9%
496,기다림 34
497,그랑꼬또 M5610
498,해미읍성 매실와인
499,배꽃담은 연 생막걸리
500,기다림 25
501,그랑꼬또 화이트와인
502,기다림 16
503,볼빨간막걸리 7
504,막시모40
505,편백숲 산소막걸리 순수령
506,천년담주
507,청송 얼음골 동동주
508,석탄주 탁주
509,경기전
510,모월 청
511,해미읍성 살구와인
512,포엠 레드 스위트와인
513,주산지 막걸리
514,해미읍성 모과와인
515,도로시 머루주
516,그랑티그르M1988
517,충주 백주
518,젤코바 프리미엄와인
519,산내울 오미자주
520,한시울
521,구기홍주 14
522,대잎 생동동주
523,행운주
524,마주 소화곡주
525,추시와인
526,예천주 사월24
527,방문주 탁주
528,방문주 약주
529,시나브로 드 글로리아
530,필 FEEL
531,감이슬
532,그랑티그르CE2002
533,산내울 복분자주
534,예천주 사월365
535,두유노
536,서주 16%
537,바랑 탁
538,연천 아주
539,머르드 서 드라이
540,호땅
541,머르드 서 스위트
542,"코이버펑크, 카베르네 소비뇽"
543,신선주 백주
544,신선주 증류주
545,백이주
546,"코이버펑크, 샤르도네 세미용 블렌드"
547,"코이버펑크, 머스캣 베일리 에이"
